{"train/loss": 0.6437, "train/learning_rate": 0.0006, "train/epoch": 3.0, "train/global_step": 3, "_timestamp": 1678205768.5758593, "_runtime": 46.22148132324219, "_step": 7, "eval/loss": 2.7234270572662354, "eval/runtime": 0.2031, "eval/samples_per_second": 9.846, "eval/steps_per_second": 4.923, "train/train_runtime": 32.06, "train/train_samples_per_second": 0.655, "train/train_steps_per_second": 0.094, "train/total_flos": 1548560885760.0, "train/train_loss": 0.767849882443746, "_wandb": {"runtime": 48}}