{"train/train_runtime": 6.7621, "train/train_samples_per_second": 1.035, "train/train_steps_per_second": 0.148, "train/total_flos": 516186961920.0, "train/train_loss": 0.7656101584434509, "train/epoch": 1.0, "train/global_step": 1, "_timestamp": 1678204675.3665247, "_runtime": 21.235135793685913, "_step": 1, "eval/loss": 4.121789455413818, "eval/runtime": 0.2691, "eval/samples_per_second": 7.433, "eval/steps_per_second": 3.716, "_wandb": {"runtime": 23}}