{"train/loss": 2.1841, "train/learning_rate": 0.0006, "train/epoch": 2.8, "train/global_step": 3, "_timestamp": 1678202481.5732775, "_runtime": 140.45666337013245, "_step": 7, "eval/loss": 2.8201966285705566, "eval/runtime": 1.3697, "eval/samples_per_second": 7.301, "eval/steps_per_second": 1.46, "train/train_runtime": 122.8242, "train/train_samples_per_second": 0.855, "train/train_steps_per_second": 0.024, "train/total_flos": 7721395752960.0, "train/train_loss": 3.3243661721547446, "_wandb": {"runtime": 142}}