{"train/loss": 0.5963, "train/learning_rate": 0.0006, "train/epoch": 3.0, "train/global_step": 3, "_timestamp": 1678353995.0077806, "_runtime": 59.85572648048401, "_step": 7, "eval/loss": 2.4064066410064697, "eval/runtime": 0.5031, "eval/samples_per_second": 3.976, "eval/steps_per_second": 1.988, "train/train_runtime": 39.3073, "train/train_samples_per_second": 0.534, "train/train_steps_per_second": 0.076, "train/total_flos": 1748375193600.0, "train/train_loss": 0.7460231979688009, "_wandb": {"runtime": 60}}