{"train/train_runtime": 125.8869, "train/train_samples_per_second": 0.834, "train/train_steps_per_second": 0.024, "train/total_flos": 7766591846400.0, "train/train_loss": 3.553197224934896, "train/epoch": 2.8, "train/global_step": 3, "_timestamp": 1678204486.8224068, "_runtime": 142.41897678375244, "_step": 1, "eval/loss": 2.743945837020874, "eval/runtime": 2.8599, "eval/samples_per_second": 3.497, "eval/steps_per_second": 0.699, "_wandb": {"runtime": 144}}