{"train/loss": 0.6399, "train/learning_rate": 0.0006, "train/epoch": 3.0, "train/global_step": 3, "_timestamp": 1678205422.0606122, "_runtime": 51.23715829849243, "_step": 7, "eval/loss": 3.287480115890503, "eval/runtime": 0.1933, "eval/samples_per_second": 10.346, "eval/steps_per_second": 5.173, "train/train_runtime": 37.2502, "train/train_samples_per_second": 0.564, "train/train_steps_per_second": 0.081, "train/total_flos": 1548560885760.0, "train/train_loss": 0.7554720441500345, "_wandb": {"runtime": 52}}