{"train/loss": 2.3834, "train/learning_rate": 0.0006, "train/epoch": 2.8, "train/global_step": 3, "_timestamp": 1678201705.1320004, "_runtime": 137.34770154953003, "_step": 7, "eval/loss": 2.3021798133850098, "eval/runtime": 2.2697, "eval/samples_per_second": 4.406, "eval/steps_per_second": 0.881, "train/train_runtime": 119.2409, "train/train_samples_per_second": 0.881, "train/train_steps_per_second": 0.025, "train/total_flos": 7131467796480.0, "train/train_loss": 3.3028942743937173, "_wandb": {"runtime": 139}}