{"train/train_runtime": 124.695, "train/train_samples_per_second": 0.842, "train/train_steps_per_second": 0.024, "train/total_flos": 7761834362880.0, "train/train_loss": 3.5021190643310547, "train/epoch": 2.8, "train/global_step": 3, "_timestamp": 1678205242.720095, "_runtime": 139.21720695495605, "_step": 1, "eval/loss": 2.3135128021240234, "eval/runtime": 1.347, "eval/samples_per_second": 7.424, "eval/steps_per_second": 1.485, "_wandb": {"runtime": 140}}