{"train/loss": 0.6138, "train/learning_rate": 0.0006, "train/epoch": 3.0, "train/global_step": 3, "_timestamp": 1678384501.8023748, "_runtime": 78.02398991584778, "_step": 7, "eval/loss": 3.514150619506836, "eval/runtime": 0.8594, "eval/samples_per_second": 2.327, "eval/steps_per_second": 1.164, "train/train_runtime": 84.1479, "train/train_samples_per_second": 0.25, "train/train_steps_per_second": 0.036, "train/total_flos": 1748375193600.0, "train/train_loss": 0.8547324339548746, "_wandb": {"runtime": 79}}