{"train/loss": 0.5572, "train/learning_rate": 0.0006, "train/epoch": 3.0, "train/global_step": 3, "_timestamp": 1678354591.4413717, "_runtime": 56.67783164978027, "_step": 7, "eval/loss": 2.7957236766815186, "eval/runtime": 0.4583, "eval/samples_per_second": 4.364, "eval/steps_per_second": 2.182, "train/train_runtime": 39.6991, "train/train_samples_per_second": 0.529, "train/train_steps_per_second": 0.076, "train/total_flos": 1748375193600.0, "train/train_loss": 0.7775765061378479, "_wandb": {"runtime": 57}}