{"train/loss": 0.6469, "train/learning_rate": 0.0006, "train/epoch": 3.0, "train/global_step": 3, "_timestamp": 1678205854.0693178, "_runtime": 52.867448806762695, "_step": 7, "eval/loss": 3.6494359970092773, "eval/runtime": 0.2609, "eval/samples_per_second": 7.665, "eval/steps_per_second": 3.833, "train/train_runtime": 36.1293, "train/train_samples_per_second": 0.581, "train/train_steps_per_second": 0.083, "train/total_flos": 1548560885760.0, "train/train_loss": 0.7473750710487366, "_wandb": {"runtime": 54}}