{"train/train_runtime": 6.3216, "train/train_samples_per_second": 1.107, "train/train_steps_per_second": 0.158, "train/total_flos": 466233384960.0, "train/train_loss": 0.7620953917503357, "train/epoch": 1.0, "train/global_step": 1, "_timestamp": 1678204584.9798732, "_runtime": 19.85898208618164, "_step": 1, "eval/loss": 2.6850504875183105, "eval/runtime": 0.3812, "eval/samples_per_second": 5.247, "eval/steps_per_second": 2.623, "_wandb": {"runtime": 22}}