{"train/loss": 2.4839, "train/learning_rate": 0.0006, "train/epoch": 2.8, "train/global_step": 3, "_timestamp": 1678201180.9257443, "_runtime": 130.6003623008728, "_step": 7, "eval/loss": 2.361194133758545, "eval/runtime": 2.2331, "eval/samples_per_second": 4.478, "eval/steps_per_second": 0.896, "train/train_runtime": 113.6116, "train/train_samples_per_second": 0.924, "train/train_steps_per_second": 0.026, "train/total_flos": 7607216148480.0, "train/train_loss": 3.4763009548187256, "_wandb": {"runtime": 132}}