{"train/train_runtime": 28.3351, "train/train_samples_per_second": 0.741, "train/train_steps_per_second": 0.106, "train/total_flos": 1548560885760.0, "train/train_loss": 0.7483641306559244, "train/epoch": 3.0, "train/global_step": 3, "_timestamp": 1678205575.8340032, "_runtime": 44.73676323890686, "_step": 1, "eval/loss": 2.825835704803467, "eval/runtime": 0.3438, "eval/samples_per_second": 5.818, "eval/steps_per_second": 2.909, "_wandb": {"runtime": 46}}