{"train/train_runtime": 30.9862, "train/train_samples_per_second": 0.904, "train/train_steps_per_second": 0.065, "train/total_flos": 2226502287360.0, "train/train_loss": 1.5158426761627197, "train/epoch": 2.0, "train/global_step": 2, "_timestamp": 1678204960.9036531, "_runtime": 44.99985408782959, "_step": 1, "eval/loss": 2.6498422622680664, "eval/runtime": 0.5064, "eval/samples_per_second": 7.898, "eval/steps_per_second": 1.975, "_wandb": {"runtime": 47}}