{"train/loss": 0.5133, "train/learning_rate": 0.0006, "train/epoch": 3.0, "train/global_step": 3, "_timestamp": 1678355203.7714894, "_runtime": 57.860368490219116, "_step": 7, "eval/loss": 3.2120516300201416, "eval/runtime": 0.7271, "eval/samples_per_second": 2.751, "eval/steps_per_second": 1.375, "train/train_runtime": 41.4516, "train/train_samples_per_second": 0.507, "train/train_steps_per_second": 0.072, "train/total_flos": 1598514462720.0, "train/train_loss": 0.6499584913253784, "_wandb": {"runtime": 59}}